{"dea": {}, "dfa": {}, "vertex": {"16": {"z": -0.026499999687075615, "y": 0.11999999731779099, "x": 0.057500001043081284}, "15": {"z": 0.026499999687075615, "y": -0.11999999731779099, "x": 0.057500001043081284}, "18": {"z": 0.026499999687075615, "y": 0.11999999731779099, "x": -0.057500001043081284}, "10": {"z": 0.026499999687075615, "y": -0.11999999731779099, "x": 0.057500001043081284}, "20": {"z": 0.026499999687075615, "y": -0.11999999731779099, "x": -0.057500001043081284}, "17": {"z": -0.026499999687075615, "y": 0.11999999731779099, "x": -0.057500001043081284}, "12": {"z": -0.026499999687075615, "y": -0.11999999731779099, "x": 0.057500001043081284}, "22": {"z": 0.026499999687075615, "y": 0.11999999731779099, "x": 0.057500001043081284}, "19": {"z": 0.026499999687075615, "y": 0.11999999731779099, "x": 0.057500001043081284}, "11": {"z": 0.026499999687075615, "y": -0.11999999731779099, "x": -0.057500001043081284}, "5": {"z": -0.026499999687075615, "y": -0.11999999731779099, "x": -0.057500001043081284}, "4": {"z": -0.026499999687075615, "y": 0.11999999731779099, "x": -0.057500001043081284}, "7": {"z": 0.026499999687075615, "y": 0.11999999731779099, "x": -0.057500001043081284}, "6": {"z": 0.026499999687075615, "y": -0.11999999731779099, "x": -0.057500001043081284}, "1": {"z": -0.026499999687075615, "y": 0.11999999731779099, "x": -0.057500001043081284}, "0": {"z": -0.026499999687075615, "y": -0.11999999731779099, "x": -0.057500001043081284}, "3": {"z": -0.026499999687075615, "y": -0.11999999731779099, "x": 0.057500001043081284}, "2": {"z": -0.026499999687075615, "y": 0.11999999731779099, "x": 0.057500001043081284}, "21": {"z": 0.026499999687075615, "y": -0.11999999731779099, "x": 0.057500001043081284}, "9": {"z": -0.026499999687075615, "y": -0.11999999731779099, "x": 0.057500001043081284}, "8": {"z": -0.026499999687075615, "y": -0.11999999731779099, "x": -0.057500001043081284}, "14": {"z": 0.026499999687075615, "y": 0.11999999731779099, "x": 0.057500001043081284}, "13": {"z": -0.026499999687075615, "y": 0.11999999731779099, "x": 0.057500001043081284}, "23": {"z": 0.026499999687075615, "y": 0.11999999731779099, "x": -0.057500001043081284}}, "face": {"14": ["17", "18", "19"], "17": ["23", "20", "21"], "12": ["13", "14", "15"], "15": ["19", "16", "17"], "7": ["3", "0", "1"], "6": ["1", "2", "3"], "10": ["9", "10", "11"], "13": ["15", "12", "13"], "11": ["11", "8", "9"], "9": ["7", "4", "5"], "8": ["5", "6", "7"], "16": ["21", "22", "23"]}, "facedata": {"14": {}, "17": {}, "12": {}, "5": {}, "4": {}, "7": {}, "6": {}, "1": {}, "0": {}, "3": {}, "2": {}, "10": {}, "13": {}, "15": {}, "11": {}, "9": {}, "8": {}, "16": {}}, "attributes": {"name": "Mesh"}, "max_int_fkey": 17, "max_int_key": 23, "edgedata": {}, "dva": {"z": 0.0, "y": 0.0, "x": 0.0}}